{
    "average_time": 327.35814344882965,
    "min_time": 292.6589868068695,
    "max_time": 373.2053334712982,
    "std_dev": 24.39299595314111,
    "total_processes": 10
}