{
    "average_time": 1038.264725279808,
    "min_time": 963.9418535232544,
    "max_time": 1185.0123324394226,
    "std_dev": 67.20042787568524,
    "total_processes": 10
}