{
    "average_time": 79.72719297409057,
    "min_time": 77.99812054634094,
    "max_time": 82.43196296691895,
    "std_dev": 1.3743544623303285,
    "total_processes": 10
}