{
    "average_time": 515.1198028802871,
    "min_time": 454.96694588661194,
    "max_time": 611.1605093479156,
    "std_dev": 57.13837722333033,
    "total_processes": 10
}