{
    "average_time": 50.92282340526581,
    "min_time": 49.23593997955322,
    "max_time": 52.2326295375824,
    "std_dev": 0.8083076193240223,
    "total_processes": 10
}