{
    "average_time": 1554.1438401460648,
    "min_time": 1475.8996369838715,
    "max_time": 1724.0760304927826,
    "std_dev": 85.89540797255862,
    "total_processes": 10
}