{
    "average_time": 79.81966676712037,
    "min_time": 77.90593075752258,
    "max_time": 81.74696707725525,
    "std_dev": 1.1650802073245299,
    "total_processes": 10
}