{
    "average_time": 1550.1852703332902,
    "min_time": 1438.5621600151062,
    "max_time": 1708.6896336078644,
    "std_dev": 87.34561628912431,
    "total_processes": 10
}