{
    "average_time": 498.2489098072052,
    "min_time": 443.6162474155426,
    "max_time": 584.2532782554626,
    "std_dev": 53.4445479899131,
    "total_processes": 10
}